{"cameraMode":{"drawMode":0,"name":"Shaded","section":"Shading Mode"},"sceneLighting":false,"audioPlay":false,"sceneViewState":{"m_AlwaysRefresh":false,"showFog":true,"showSkybox":false,"showFlares":true,"showImageEffects":true,"showParticleSystems":true,"showVisualEffectGraphs":true,"m_FxEnabled":true},"in2DMode":false,"pivot":{"x":6.062160491943359,"y":6.814743995666504,"z":6.085379600524902},"rotation":{"x":0.10179246217012406,"y":-0.024783803150057794,"z":0.002541040536016226,"w":0.9945022463798523},"size":13.849604606628418,"orthographic":false}