{"cameraMode":{"drawMode":0,"name":"Shaded","section":"Shading Mode"},"sceneLighting":true,"audioPlay":false,"sceneViewState":{"m_AlwaysRefresh":false,"showFog":true,"showSkybox":true,"showFlares":true,"showImageEffects":true,"showParticleSystems":true,"showVisualEffectGraphs":true,"m_FxEnabled":true},"in2DMode":false,"pivot":{"x":-0.03210422769188881,"y":-0.03822702169418335,"z":3.0746827125549318},"rotation":{"x":0.2580438554286957,"y":-0.004929025657474995,"z":0.0013163444818928838,"w":0.9661208391189575},"size":4.820419788360596,"orthographic":false}